era,domain,tolerance_m,muni_code,status,record_count,area_m2,edge_length_m,unmatched_length_m,iou_sum
2014,building,1,14133,ambiguous_many_to_many,31,9145.660948750276,0.0,0.0,7.159666331817312
2014,building,1,14133,ambiguous_survey_scale,1,643.3205756779341,0.0,0.0,0.10592272707929352
2014,building,1,14133,indeterminate_geometry_quality,681,43322.07941972394,0.0,0.0,0.0
2014,building,1,14133,indeterminate_partition_boundary,7,150.3980728452466,0.0,0.0,0.0
2014,building,1,14133,large_shape_or_position_change,226,36664.66712987876,0.0,0.0,77.02862760132513
2014,building,1,14133,matched,7427,814593.0922214247,0.0,0.0,7224.036905074729
2014,building,1,14133,possible_merge,271,39015.88446981618,0.0,0.0,73.72129400984781
2014,building,1,14133,possible_split,191,27818.80319057163,0.0,0.0,70.7983936355967
2014,building,1,14134,ambiguous_many_to_many,29,20517.888527049603,0.0,0.0,6.424963689348719
2014,building,1,14134,indeterminate_geometry_quality,333,28722.436593321938,0.0,0.0,0.0
2014,building,1,14134,indeterminate_partition_boundary,7,589.8391293688467,0.0,0.0,0.0
2014,building,1,14134,large_shape_or_position_change,130,12575.885627641517,0.0,0.0,41.12309890667695
2014,building,1,14134,matched,3853,426781.2007438803,0.0,0.0,3735.429517243293
2014,building,1,14134,possible_merge,143,19297.322938084006,0.0,0.0,38.185871114202264
2014,building,1,14134,possible_split,105,15268.047564239176,0.0,0.0,38.53441393792995
2014,building,1,14382,ambiguous_many_to_many,2,260.50782627790966,0.0,0.0,0.7787232231985041
2014,building,1,14382,large_shape_or_position_change,9,1613.3394287772253,0.0,0.0,2.1966201561429584
2014,building,1,14382,matched,321,61983.52093498703,0.0,0.0,315.1329589773114
2014,building,1,14382,missing_in_newer_dataset,59,8210.169454617526,0.0,0.0,0.0
2014,building,1,14382,possible_merge,6,486.7481988618465,0.0,0.0,1.2301482992456778
2014,building,1,14382,possible_split,2,1447.7445148305987,0.0,0.0,0.46519245771572426
2014,building,5,14133,ambiguous_many_to_many,312,17999.020156381128,0.0,0.0,260.5609205687422
2014,building,5,14133,ambiguous_survey_scale,1,643.3205756779341,0.0,0.0,0.10592272707929352
2014,building,5,14133,indeterminate_geometry_quality,652,42440.38581231173,0.0,0.0,0.0
2014,building,5,14133,indeterminate_partition_boundary,9,311.18577587514693,0.0,0.0,0.0
2014,building,5,14133,large_shape_or_position_change,215,35932.44079881535,0.0,0.0,71.54620587991444
2014,building,5,14133,matched,7151,806866.5641741343,0.0,0.0,6954.294389214944
2014,building,5,14133,possible_merge,287,39353.25133973789,0.0,0.0,81.88245253409286
2014,building,5,14133,possible_split,208,27807.73739575512,0.0,0.0,85.99670617243648
2014,building,5,14134,ambiguous_many_to_many,151,23982.528390757438,0.0,0.0,117.81101581292222
2014,building,5,14134,indeterminate_geometry_quality,315,28408.307825642132,0.0,0.0,0.0
2014,building,5,14134,indeterminate_partition_boundary,8,604.0085682679914,0.0,0.0,0.0
2014,building,5,14134,large_shape_or_position_change,127,12527.39230769602,0.0,0.0,38.2853866227022
2014,building,5,14134,matched,3729,423506.3711478624,0.0,0.0,3615.1735759582903
2014,building,5,14134,possible_merge,159,19469.521430994148,0.0,0.0,45.60323547229184
2014,building,5,14134,possible_split,111,15254.49145236522,0.0,0.0,43.31244277706462
2014,building,5,14382,ambiguous_many_to_many,17,368.0450178296595,0.0,0.0,13.130377737952035
2014,building,5,14382,indeterminate_partition_boundary,1,14.572006744982826,0.0,0.0,0.0
2014,building,5,14382,large_shape_or_position_change,9,1613.3394287772253,0.0,0.0,2.1966201561429584
2014,building,5,14382,matched,308,61898.76713221592,0.0,0.0,303.2237115434989
2014,building,5,14382,missing_in_newer_dataset,57,8191.335429502778,0.0,0.0,0.0
2014,building,5,14382,possible_merge,6,486.7481988618465,0.0,0.0,1.2301482992456778
2014,building,5,14382,possible_split,1,1429.2231444197153,0.0,0.0,0.022785376774677027
2014,building,10,14133,ambiguous_many_to_many,4046,237354.46781678547,0.0,0.0,3612.3999394387693
2014,building,10,14133,ambiguous_survey_scale,1,643.3205756779341,0.0,0.0,0.10592272707929352
2014,building,10,14133,indeterminate_geometry_quality,532,37215.51890313345,0.0,0.0,0.0
2014,building,10,14133,indeterminate_partition_boundary,5,172.22353424160997,0.0,0.0,0.0
2014,building,10,14133,large_shape_or_position_change,135,31503.426158652717,0.0,0.0,40.950206164261616
2014,building,10,14133,matched,3730,611686.3088784309,0.0,0.0,3638.155255777961
2014,building,10,14133,possible_merge,242,33567.9757011676,0.0,0.0,79.64281066346848
2014,building,10,14133,possible_split,144,19210.66446059899,0.0,0.0,84.85376975933877
2014,building,10,14134,ambiguous_many_to_many,2111,134181.58977443504,0.0,0.0,1901.1649499267205
2014,building,10,14134,indeterminate_geometry_quality,248,25091.309380354007,0.0,0.0,0.0
2014,building,10,14134,indeterminate_partition_boundary,6,562.9964835081298,0.0,0.0,0.0
2014,building,10,14134,large_shape_or_position_change,88,9946.600665057382,0.0,0.0,22.34709189074151
2014,building,10,14134,matched,1885,322810.89117284294,0.0,0.0,1827.1268896149659
2014,building,10,14134,possible_merge,157,19350.197308169423,0.0,0.0,47.85188529518187
2014,building,10,14134,possible_split,105,11809.036339218475,0.0,0.0,63.42079043258997
2014,building,10,14382,ambiguous_many_to_many,30,789.9720268518754,0.0,0.0,26.13037773795203
2014,building,10,14382,indeterminate_partition_boundary,1,14.572006744982826,0.0,0.0,0.0
2014,building,10,14382,large_shape_or_position_change,8,1411.2972154154527,0.0,0.0,2.1768644382659694
2014,building,10,14382,matched,293,61365.93106870518,0.0,0.0,288.2237115434989
2014,building,10,14382,missing_in_newer_dataset,55,8081.410763316199,0.0,0.0,0.0
2014,building,10,14382,possible_merge,10,707.5819195369623,0.0,0.0,3.230148299245677
2014,building,10,14382,possible_split,2,1631.2653577814879,0.0,0.0,0.20251739142176722
2014,road_edge,1,14133,edge_geometry_disagreement,286,0.0,17205.264041867435,7359.693254138545,0.0
2014,road_edge,1,14133,indeterminate_partition_boundary,200,0.0,5700.289728449372,200.4114303436153,0.0
2014,road_edge,1,14133,spatially_agreeing,2250,0.0,133810.10881692165,931.9123584736676,0.0
2014,road_edge,1,14134,edge_geometry_disagreement,131,0.0,8894.649767040844,2977.2115300939245,0.0
2014,road_edge,1,14134,indeterminate_partition_boundary,258,0.0,9129.474027435981,232.0349797246872,0.0
2014,road_edge,1,14134,spatially_agreeing,1360,0.0,77806.35655427509,512.2577783373804,0.0
2014,road_edge,1,14382,edge_geometry_disagreement,170,0.0,30554.969606379887,15702.687753642735,0.0
2014,road_edge,1,14382,indeterminate_partition_boundary,76,0.0,20340.94253217632,2022.2490570494112,0.0
2014,road_edge,1,14382,spatially_agreeing,402,0.0,61587.55971416788,710.9756547639732,0.0
2014,road_edge,5,14133,edge_geometry_disagreement,114,0.0,6961.8078624196305,2322.5726801658298,0.0
2014,road_edge,5,14133,indeterminate_partition_boundary,213,0.0,6309.029301420587,9.34263458420349,0.0
2014,road_edge,5,14133,spatially_agreeing,2409,0.0,143444.82542339823,197.4103760201985,0.0
2014,road_edge,5,14134,edge_geometry_disagreement,46,0.0,2324.780648692344,763.1430044738161,0.0
2014,road_edge,5,14134,indeterminate_partition_boundary,270,0.0,9895.936703137622,84.64855114133785,0.0
2014,road_edge,5,14134,spatially_agreeing,1433,0.0,83609.76299692194,194.63727907546806,0.0
2014,road_edge,5,14382,edge_geometry_disagreement,90,0.0,17509.48793881926,6407.410955894866,0.0
2014,road_edge,5,14382,indeterminate_partition_boundary,81,0.0,22046.77975868643,981.3557527292598,0.0
2014,road_edge,5,14382,spatially_agreeing,477,0.0,72927.20415521841,316.05643229931314,0.0
2014,road_edge,10,14133,edge_geometry_disagreement,63,0.0,1929.244963198801,600.6561681845034,0.0
2014,road_edge,10,14133,indeterminate_partition_boundary,222,0.0,6792.015677781773,9.34263458420349,0.0
2014,road_edge,10,14133,spatially_agreeing,2451,0.0,147994.4019462579,202.5042839274905,0.0
2014,road_edge,10,14134,edge_geometry_disagreement,32,0.0,1792.154650524732,396.45089056846507,0.0
2014,road_edge,10,14134,indeterminate_partition_boundary,281,0.0,10229.635664345316,29.714217103331706,0.0
2014,road_edge,10,14134,spatially_agreeing,1436,0.0,83808.69003388187,82.15565474794082,0.0
2014,road_edge,10,14382,edge_geometry_disagreement,55,0.0,8363.012350113435,2565.522303490914,0.0
2014,road_edge,10,14382,indeterminate_partition_boundary,87,0.0,23417.433376765715,1113.0306665183186,0.0
2014,road_edge,10,14382,spatially_agreeing,506,0.0,80703.02612584493,478.62416589881263,0.0
2025,building,1,14133,ambiguous_many_to_many,29,10381.558301244848,0.0,0.0,7.073976091814366
2025,building,1,14133,ambiguous_survey_scale,1,3664.302609013261,0.0,0.0,0.10592272707929352
2025,building,1,14133,indeterminate_geometry_quality,1209,55618.264262087185,0.0,0.0,0.0
2025,building,1,14133,indeterminate_partition_boundary,16,967.8372240477884,0.0,0.0,0.0
2025,building,1,14133,large_shape_or_position_change,227,26965.72499383264,0.0,0.0,77.30480989778651
2025,building,1,14133,matched,7428,814711.3889240884,0.0,0.0,7224.770760529438
2025,building,1,14133,possible_merge,114,59447.55610002214,0.0,0.0,50.088171141596355
2025,building,1,14133,possible_split,466,22869.168317410215,0.0,0.0,125.80018202154042
2025,building,1,14134,ambiguous_many_to_many,20,27659.759793123914,0.0,0.0,5.378730119802881
2025,building,1,14134,indeterminate_geometry_quality,882,63831.77375996727,0.0,0.0,0.0
2025,building,1,14134,indeterminate_partition_boundary,17,358.6668817164743,0.0,0.0,0.0
2025,building,1,14134,large_shape_or_position_change,129,12418.814162887302,0.0,0.0,40.846916610215565
2025,building,1,14134,matched,3852,426814.62024941307,0.0,0.0,3734.6956617885844
2025,building,1,14134,possible_merge,59,35825.91792202063,0.0,0.0,24.89897351729995
2025,building,1,14134,possible_split,241,11913.264814855824,0.0,0.0,67.13471407254698
2025,building,1,14382,ambiguous_many_to_many,3,263.2780414015601,0.0,0.0,1.1731160133961123
2025,building,1,14382,indeterminate_partition_boundary,2,42.28005692926167,0.0,0.0,0.0
2025,building,1,14382,large_shape_or_position_change,9,2001.059547667765,0.0,0.0,2.1966201561429584
2025,building,1,14382,matched,321,62208.973385524085,0.0,0.0,315.1329589773114
2025,building,1,14382,only_in_newer_dataset,31,4222.258159956835,0.0,0.0,0.0
2025,building,1,14382,possible_merge,2,362.98057026537606,0.0,0.0,0.6082634870990407
2025,building,1,14382,possible_split,4,53.55141443292363,0.0,0.0,0.6365090582958184
2025,building,5,14133,ambiguous_many_to_many,317,18716.9128304977,0.0,0.0,262.4852652481365
2025,building,5,14133,ambiguous_survey_scale,1,3664.302609013261,0.0,0.0,0.10592272707929352
2025,building,5,14133,indeterminate_geometry_quality,1165,54463.933070783074,0.0,0.0,0.0
2025,building,5,14133,indeterminate_partition_boundary,24,1175.3550802082034,0.0,0.0,0.0
2025,building,5,14133,large_shape_or_position_change,215,26457.23138764666,0.0,0.0,71.54620587991444
2025,building,5,14133,matched,7152,807018.0084247147,0.0,0.0,6955.028244669654
2025,building,5,14133,possible_merge,122,59650.44398195441,0.0,0.0,58.33592461477322
2025,building,5,14133,possible_split,494,23479.613346928545,0.0,0.0,140.63328469897968
2025,building,5,14134,ambiguous_many_to_many,143,31023.309037756415,0.0,0.0,116.60469309529282
2025,building,5,14134,indeterminate_geometry_quality,864,63318.89410037353,0.0,0.0,0.0
2025,building,5,14134,indeterminate_partition_boundary,19,416.9271156839486,0.0,0.0,0.0
2025,building,5,14134,large_shape_or_position_change,127,12427.560730616458,0.0,0.0,38.285386622702205
2025,building,5,14134,matched,3728,423662.0550747395,0.0,0.0,3614.4397205035807
2025,building,5,14134,possible_merge,67,35907.43630672996,0.0,0.0,32.710079624037
2025,building,5,14134,possible_split,252,12066.63521808466,0.0,0.0,71.94147195588205
2025,building,5,14382,ambiguous_many_to_many,19,372.9466192827704,0.0,0.0,13.692968460004067
2025,building,5,14382,indeterminate_partition_boundary,2,42.28005692926167,0.0,0.0,0.0
2025,building,5,14382,large_shape_or_position_change,9,2001.059547667765,0.0,0.0,2.1966201561429584
2025,building,5,14382,matched,308,62123.14916967365,0.0,0.0,303.2237115434989
2025,building,5,14382,only_in_newer_dataset,30,4214.942550995789,0.0,0.0,0.0
2025,building,5,14382,possible_merge,2,362.98057026537606,0.0,0.0,0.6082634870990407
2025,building,5,14382,possible_split,2,37.02266136319564,0.0,0.0,0.025904045500345835
2025,building,10,14133,ambiguous_many_to_many,4178,240494.54043694204,0.0,0.0,3635.939180454494
2025,building,10,14133,ambiguous_survey_scale,1,3664.302609013261,0.0,0.0,0.10592272707929352
2025,building,10,14133,indeterminate_geometry_quality,979,46589.957064731905,0.0,0.0,0.0
2025,building,10,14133,indeterminate_partition_boundary,24,1142.8763830220132,0.0,0.0,0.0
2025,building,10,14133,large_shape_or_position_change,135,21785.65488731984,0.0,0.0,40.950206164261616
2025,building,10,14133,matched,3731,612109.0903773225,0.0,0.0,3638.88911123267
2025,building,10,14133,possible_merge,107,50199.31590892256,0.0,0.0,68.13805600762997
2025,building,10,14133,possible_split,335,18640.06306447238,0.0,0.0,107.61736255410835
2025,building,10,14134,ambiguous_many_to_many,2200,142165.73106630964,0.0,0.0,1911.3859867109518
2025,building,10,14134,indeterminate_geometry_quality,708,55919.933321184035,0.0,0.0,0.0
2025,building,10,14134,indeterminate_partition_boundary,24,642.9505620145636,0.0,0.0,0.0
2025,building,10,14134,large_shape_or_position_change,88,10289.920627227322,0.0,0.0,22.34709189074151
2025,building,10,14134,matched,1884,323303.1286974575,0.0,0.0,1826.3930341602568
2025,building,10,14134,possible_merge,66,34770.9765879445,0.0,0.0,39.63925137293129
2025,building,10,14134,possible_split,230,11730.176721846923,0.0,0.0,77.4223705852301
2025,building,10,14382,ambiguous_many_to_many,32,794.8736283049864,0.0,0.0,26.692968460004064
2025,building,10,14382,indeterminate_partition_boundary,2,42.28005692926167,0.0,0.0,0.0
2025,building,10,14382,large_shape_or_position_change,8,1997.0680587013474,0.0,0.0,2.1768644382659694
2025,building,10,14382,matched,293,61590.313106162896,0.0,0.0,288.2237115434989
2025,building,10,14382,only_in_newer_dataset,29,3925.820445062677,0.0,0.0,0.0
2025,building,10,14382,possible_merge,4,473.8896247539127,0.0,0.0,2.6082634870990407
2025,building,10,14382,possible_split,4,330.136256262725,0.0,0.0,0.22539177802442523
2025,road_edge,1,14133,edge_geometry_disagreement,810,0.0,52139.40493305414,48510.56367876799,0.0
2025,road_edge,1,14133,indeterminate_partition_boundary,91,0.0,10355.580002246288,1471.4074915016772,0.0
2025,road_edge,1,14133,spatially_agreeing,864,0.0,136962.12278538736,43.31078080339323,0.0
2025,road_edge,1,14134,edge_geometry_disagreement,279,0.0,19676.970024431903,17665.314466309246,0.0
2025,road_edge,1,14134,indeterminate_partition_boundary,98,0.0,15275.754185936245,2284.2886492416164,0.0
2025,road_edge,1,14134,spatially_agreeing,482,0.0,77060.38673033385,45.16190154929187,0.0
2025,road_edge,1,14382,edge_geometry_disagreement,203,0.0,15686.353592215708,8635.204152901182,0.0
2025,road_edge,1,14382,indeterminate_partition_boundary,81,0.0,11907.734764874102,1557.9413392152558,0.0
2025,road_edge,1,14382,spatially_agreeing,643,0.0,73746.62583444733,73.23915333180024,0.0
2025,road_edge,5,14133,edge_geometry_disagreement,614,0.0,44312.59307549624,39033.14757158886,0.0
2025,road_edge,5,14133,indeterminate_partition_boundary,99,0.0,11070.720497561346,1317.5329762930512,0.0
2025,road_edge,5,14133,spatially_agreeing,1052,0.0,144073.7941476302,56.56954876822815,0.0
2025,road_edge,5,14134,edge_geometry_disagreement,191,0.0,16245.394453153422,14605.54398950611,0.0
2025,road_edge,5,14134,indeterminate_partition_boundary,101,0.0,15704.670943085715,2323.1243537147902,0.0
2025,road_edge,5,14134,spatially_agreeing,567,0.0,80063.04554446286,2.7117885281141367,0.0
2025,road_edge,5,14382,edge_geometry_disagreement,63,0.0,6746.343772964837,2499.1564807248387,0.0
2025,road_edge,5,14382,indeterminate_partition_boundary,90,0.0,13772.305033979696,545.0706296277492,0.0
2025,road_edge,5,14382,spatially_agreeing,774,0.0,80822.06538459261,205.7173574806519,0.0
2025,road_edge,10,14133,edge_geometry_disagreement,494,0.0,39804.86453727725,32795.3721382384,0.0
2025,road_edge,10,14133,indeterminate_partition_boundary,106,0.0,12243.211561905464,1338.9265447373243,0.0
2025,road_edge,10,14133,spatially_agreeing,1165,0.0,147409.03162150507,96.05762691745915,0.0
2025,road_edge,10,14134,edge_geometry_disagreement,159,0.0,13599.216769974191,10873.121246059894,0.0
2025,road_edge,10,14134,indeterminate_partition_boundary,102,0.0,16048.72338512957,2419.9716725041603,0.0
2025,road_edge,10,14134,spatially_agreeing,598,0.0,82365.17078559824,11.014005775197884,0.0
2025,road_edge,10,14382,edge_geometry_disagreement,34,0.0,3771.7527390178548,1291.8182720232448,0.0
2025,road_edge,10,14382,indeterminate_partition_boundary,98,0.0,15208.584517674415,286.45926976151287,0.0
2025,road_edge,10,14382,spatially_agreeing,795,0.0,82360.37693484487,44.27513847935729,0.0
